,Primary Type,Community Area,Year,Latitude,Longitude
15297,HOMICIDE,62,2015,41.786423093,-87.722975512
589125,HOMICIDE,44,2015,41.735752519,-87.62542903200001
780272,HOMICIDE,25,2015,41.894009145,-87.751482327
780340,HOMICIDE,70,2015,41.752416738,-87.710383001
780414,HOMICIDE,44,2015,41.723546383,-87.607485349
780493,HOMICIDE,43,2015,41.751678423,-87.57023511
780576,HOMICIDE,43,2015,41.751678423,-87.57023511
780656,HOMICIDE,29,2015,41.865562351,-87.70313647799999
780811,HOMICIDE,26,2015,41.880298941,-87.735464135
780878,HOMICIDE,68,2015,41.77234679,-87.653434136
780966,HOMICIDE,38,2015,41.823354247,-87.61853972700001
781046,HOMICIDE,58,2015,41.816501877,-87.689552817
781130,HOMICIDE,70,2015,41.7457119,-87.68402365600001
781302,HOMICIDE,63,2015,41.788382525,-87.68442195700001
781395,HOMICIDE,29,2015,41.864337788,-87.725421626
781485,HOMICIDE,73,2015,41.718888535,-87.64436449899999
781572,HOMICIDE,28,2015,41.882185074,-87.679713374
781658,HOMICIDE,43,2015,41.75375771,-87.55213534399999
781734,HOMICIDE,61,2015,41.797277742,-87.653742794
781811,HOMICIDE,66,2015,41.772958903,-87.6809078
781889,HOMICIDE,61,2015,41.802277495,-87.655080002
781963,HOMICIDE,44,2015,41.750472394,-87.634297122
782039,HOMICIDE,66,2015,41.770980744,-87.6834133
782127,HOMICIDE,26,2015,41.883196036,-87.73953538399999
782217,HOMICIDE,30,2015,41.848054237,-87.712759263
782299,HOMICIDE,38,2015,41.802195280999996,-87.609675541
782469,HOMICIDE,53,2015,41.677244043,-87.62864027299999
782562,HOMICIDE,60,2015,41.83607872,-87.657409354
782652,HOMICIDE,67,2015,41.766156013,-87.669924987
782734,HOMICIDE,46,2015,41.747141383,-87.574686235
782812,HOMICIDE,33,2015,41.850359857,-87.623741058
782884,HOMICIDE,38,2015,41.806671065,-87.615339745
783038,HOMICIDE,70,2015,41.739787158,-87.700293265
783111,HOMICIDE,29,2015,41.859993621,-87.711579264
783184,HOMICIDE,49,2015,41.712456039,-87.62010667700001
783347,HOMICIDE,19,2015,41.920657269,-87.776145534
783435,HOMICIDE,28,2015,41.883811077,-87.671812366
783608,HOMICIDE,49,2015,41.688100085,-87.63619923700001
783692,HOMICIDE,25,2015,41.903170357,-87.754381974
783781,HOMICIDE,25,2015,41.876796412,-87.76170318700001
783863,HOMICIDE,23,2015,41.910499189,-87.731236702
783949,HOMICIDE,67,2015,41.764974559,-87.659310823
784027,HOMICIDE,19,2015,41.926409544,-87.76115393799999
784115,HOMICIDE,22,2015,41.92500526,-87.679563115
784197,HOMICIDE,68,2015,41.791994694,-87.646310475
784290,HOMICIDE,3,2015,41.967146776,-87.663140769
784368,HOMICIDE,67,2015,41.768431709,-87.674333391
784428,HOMICIDE,1,2015,42.011893605,-87.67451973899999
784558,HOMICIDE,49,2015,41.686521024,-87.61683831
784649,HOMICIDE,25,2015,41.884498505,-87.741458652
784736,HOMICIDE,51,2015,41.703644635,-87.564453394
784989,HOMICIDE,31,2015,41.858003290999996,-87.65287632100001
785066,HOMICIDE,31,2015,41.858003290999996,-87.65287632100001
785145,HOMICIDE,61,2015,41.808509341,-87.67481779399999
785215,HOMICIDE,42,2015,41.776176510999996,-87.594551952
785303,HOMICIDE,30,2015,41.840020892,-87.72077466799999
785382,HOMICIDE,3,2015,41.96270134,-87.653370223
785470,HOMICIDE,49,2015,41.703445434,-87.629291729
785550,HOMICIDE,73,2015,41.725844615999996,-87.65670508
785639,HOMICIDE,14,2015,41.972462991,-87.72693562799999
785721,HOMICIDE,15,2015,41.946726473000005,-87.77256982600001
785800,HOMICIDE,25,2015,41.909296329,-87.772239931
785878,HOMICIDE,25,2015,41.909296329,-87.772239931
785961,HOMICIDE,22,2015,41.921545627,-87.669188669
786047,HOMICIDE,22,2015,41.921545627,-87.669188669
786121,HOMICIDE,44,2015,41.746875014000004,-87.63662278700001
786197,HOMICIDE,25,2015,41.878458449,-87.745204753
786258,HOMICIDE,70,2015,41.748772464,-87.70236711
786340,HOMICIDE,24,2015,41.898563902,-87.69801864899999
786418,HOMICIDE,46,2015,41.748315167,-87.550031913
786497,HOMICIDE,71,2015,41.733253531,-87.667856608
786572,HOMICIDE,52,2015,41.696830001,-87.541349099
786649,HOMICIDE,4,2015,41.973109096,-87.684977358
786739,HOMICIDE,27,2015,41.881978408,-87.697650504
786823,HOMICIDE,19,2015,41.924102821999995,-87.756452662
786905,HOMICIDE,25,2015,41.877555323,-87.75596817899999
786983,HOMICIDE,45,2015,41.741170915,-87.585745319
787054,HOMICIDE,33,2015,41.852089006,-87.623784345
787139,HOMICIDE,53,2015,41.671516943,-87.65144361200001
787227,HOMICIDE,68,2015,41.790141834,-87.64991286899999
787313,HOMICIDE,67,2015,41.792321579,-87.656534454
787393,HOMICIDE,21,2015,41.932723985,-87.691586431
787469,HOMICIDE,66,2015,41.764450345,-87.698320777
787541,HOMICIDE,43,2015,41.771096902,-87.57643491299999
787618,HOMICIDE,67,2015,41.763864124,-87.676542751
787707,HOMICIDE,69,2015,41.769232736999996,-87.620944418
787778,HOMICIDE,40,2015,41.788410913,-87.615825885
787844,HOMICIDE,68,2015,41.766637378,-87.637182455
787916,HOMICIDE,67,2015,41.7750266,-87.665364618
788002,HOMICIDE,71,2015,41.751436547,-87.674386315
788072,HOMICIDE,22,2015,41.91392608,-87.695040991
788159,HOMICIDE,46,2015,41.742684668,-87.563141378
788235,HOMICIDE,18,2015,41.921199662,-87.792007111
788315,HOMICIDE,75,2015,41.68814117,-87.643462515
788398,HOMICIDE,69,2015,41.76389472,-87.61471722
788570,HOMICIDE,44,2015,41.733496394,-87.60474644600001
788662,HOMICIDE,53,2015,41.677244043,-87.62864027299999
788750,HOMICIDE,3,2015,41.96416436,-87.65668227399999
788837,HOMICIDE,23,2015,41.900039997,-87.72378279
788910,HOMICIDE,24,2015,41.895681406,-87.692890346
788983,HOMICIDE,30,2015,41.848848115,-87.69290624899999
789065,HOMICIDE,19,2015,41.930801083,-87.751478832
789142,HOMICIDE,19,2015,41.930801083,-87.751478832
789228,HOMICIDE,73,2015,41.708145189,-87.65137896600001
789305,HOMICIDE,42,2015,41.784744,-87.615738439
789384,HOMICIDE,38,2015,41.816485491,-87.6265473
789463,HOMICIDE,43,2015,41.76366232,-87.579311694
789539,HOMICIDE,29,2015,41.855574302,-87.71189003
789619,HOMICIDE,43,2015,41.762385622,-87.58932208600001
789700,HOMICIDE,66,2015,41.765888079,-87.68939559399999
789782,HOMICIDE,49,2015,41.724650968,-87.62752904700001
789870,HOMICIDE,59,2015,41.831181589,-87.67897394200001
790043,HOMICIDE,27,2015,41.872682099,-87.713942029
790130,HOMICIDE,54,2015,41.65496118,-87.608534028
790377,HOMICIDE,61,2015,41.805765181999995,-87.67340443399999
790463,HOMICIDE,28,2015,41.866126984,-87.65764362799999
790610,HOMICIDE,3,2015,41.971125877,-87.648264775
790696,HOMICIDE,44,2015,41.748270051,-87.63181445299999
790775,HOMICIDE,43,2015,41.758705721,-87.59275119600001
790861,HOMICIDE,71,2015,41.749630493000005,-87.651291874
790935,HOMICIDE,29,2015,41.866996922,-87.73114209
791087,HOMICIDE,29,2015,41.866996922,-87.73114209
791165,HOMICIDE,66,2015,41.777159455,-87.702352906
791426,HOMICIDE,2,2015,41.995332628,-87.686131356
791494,HOMICIDE,68,2015,41.766178742,-87.648081529
791590,HOMICIDE,68,2015,41.76268665,-87.645560247
791667,HOMICIDE,69,2015,41.759409623,-87.60541734700001
791746,HOMICIDE,46,2015,41.743297474,-87.54665581399999
791824,HOMICIDE,3,2015,41.968197047,-87.65926140299999
791911,HOMICIDE,25,2015,41.90040965,-87.75656311700001
792059,HOMICIDE,49,2015,41.699802541,-87.629100771
792150,HOMICIDE,49,2015,41.699802541,-87.629100771
792232,HOMICIDE,67,2015,41.776697412,-87.6738345
792321,HOMICIDE,28,2015,41.864273203,-87.66020727799999
792580,HOMICIDE,70,2015,41.738869436,-87.700588072
792656,HOMICIDE,66,2015,41.779228314,-87.68019531600001
792731,HOMICIDE,57,2015,41.80549527,-87.72596353200001
793204,HOMICIDE,21,2015,41.940939441,-87.72523120700001
793275,HOMICIDE,46,2015,41.742653123000004,-87.551562764
793354,HOMICIDE,24,2015,41.909820423,-87.67124264
793442,HOMICIDE,60,2015,41.837861963,-87.65965477799999
793530,HOMICIDE,28,2015,41.862535492,-87.65219317200001
793616,HOMICIDE,25,2015,41.880912591,-87.75508602
793700,HOMICIDE,14,2015,41.967244668,-87.70721337799999
793785,HOMICIDE,46,2015,41.750779238,-87.582877986
793874,HOMICIDE,67,2015,41.782259223000004,-87.670345664
793962,HOMICIDE,27,2015,41.88360497,-87.707501835
794052,HOMICIDE,23,2015,41.902800026,-87.70985641200001
794135,HOMICIDE,39,2015,41.814017834,-87.60666652
794211,HOMICIDE,16,2015,41.95675242,-87.72279779799999
794290,HOMICIDE,35,2015,41.828743353,-87.62419264399999
794362,HOMICIDE,25,2015,41.892234406,-87.749474726
794432,HOMICIDE,36,2015,41.826375628,-87.611945922
794522,HOMICIDE,62,2015,41.792410804,-87.71470444
794580,HOMICIDE,62,2015,41.792410804,-87.71470444
794634,HOMICIDE,3,2015,41.969820278,-87.65623630799999
794712,HOMICIDE,6,2015,41.935389593000004,-87.652679121
794787,HOMICIDE,31,2015,41.85802838,-87.651092033
794866,HOMICIDE,30,2015,41.852670071999995,-87.69424090000001
794952,HOMICIDE,44,2015,41.734546986999995,-87.62307913
795031,HOMICIDE,25,2015,41.883508815999996,-87.74538979299999
795122,HOMICIDE,25,2015,41.886834297,-87.749046475
795215,HOMICIDE,23,2015,41.894337211999996,-87.721155793
795302,HOMICIDE,43,2015,41.770621253,-87.58257344100001
795387,HOMICIDE,26,2015,41.882519264,-87.728172413
795469,HOMICIDE,1,2015,42.013859865,-87.66905337899999
795557,HOMICIDE,47,2015,41.724092475999996,-87.591580972
795635,HOMICIDE,53,2015,41.67217274,-87.654207497
795719,HOMICIDE,30,2015,41.848977129,-87.69291230299999
795800,HOMICIDE,34,2015,41.82618602,-87.63139377
796034,HOMICIDE,73,2015,41.726198425999996,-87.650638587
796113,HOMICIDE,63,2015,41.791147759,-87.68521547799999
796196,HOMICIDE,60,2015,41.835613582,-87.65022194
796274,HOMICIDE,66,2015,41.779020474,-87.699929557
796347,HOMICIDE,76,2015,41.981043015,-87.840162775
796406,HOMICIDE,38,2015,41.817686328,-87.618378979
796477,HOMICIDE,49,2015,41.699802541,-87.629100771
796557,HOMICIDE,25,2015,41.900428297,-87.754814476
796634,HOMICIDE,68,2015,41.760773578,-87.645511035
796717,HOMICIDE,61,2015,41.813551593,-87.671174895
797135,HOMICIDE,58,2015,41.816040159,-87.70428986
797220,HOMICIDE,1,2015,42.020809541,-87.670721771
797309,HOMICIDE,3,2015,41.962993658,-87.655933554
797395,HOMICIDE,25,2015,41.89764948,-87.75940889700001
797475,HOMICIDE,44,2015,41.750322112,-87.603940546
797551,HOMICIDE,27,2015,41.880905236,-87.71216242
797643,HOMICIDE,29,2015,41.86187256,-87.716505967
797736,HOMICIDE,29,2015,41.854356979,-87.728551754
797817,HOMICIDE,3,2015,41.96230433,-87.66097808100001
797902,HOMICIDE,44,2015,41.75076821,-87.607647841
797972,HOMICIDE,42,2015,41.774089562,-87.60943799200001
798042,HOMICIDE,44,2015,41.749797723,-87.624512495
798122,HOMICIDE,46,2015,41.742254681999995,-87.56122646700001
798205,HOMICIDE,23,2015,41.902572053,-87.73246829799999
798282,HOMICIDE,25,2015,41.883264252,-87.76661413299999
798444,HOMICIDE,69,2015,41.758047375,-87.60049949299999
798521,HOMICIDE,35,2015,41.831073285,-87.62021144100001
798605,HOMICIDE,69,2015,41.758069413,-87.634878071
798684,HOMICIDE,29,2015,41.861972438,-87.71773114
798768,HOMICIDE,77,2015,41.989958168,-87.67050846299999
798844,HOMICIDE,61,2015,41.811531219,-87.66869767899999
798911,HOMICIDE,43,2015,41.76182216,-87.59088269600001
798985,HOMICIDE,49,2015,41.713770588,-87.623655857
799065,HOMICIDE,63,2015,41.801060676999995,-87.6897074
799157,HOMICIDE,22,2015,41.91629263,-87.692269133
799327,HOMICIDE,26,2015,41.872459213,-87.73347372799999
799406,HOMICIDE,75,2015,41.691307675,-87.660043802
799481,HOMICIDE,29,2015,41.858954299000004,-87.716809329
799556,HOMICIDE,54,2015,41.655895809,-87.594980408
799625,HOMICIDE,30,2015,41.841916851,-87.726918365
799709,HOMICIDE,73,2015,41.727527094,-87.662827263
799787,HOMICIDE,61,2015,41.805824145,-87.663676702
799871,HOMICIDE,38,2015,41.815751294,-87.618327133
799953,HOMICIDE,43,2015,41.756330319,-87.55271620399999
800034,HOMICIDE,71,2015,41.733162723,-87.659339424
800109,HOMICIDE,71,2015,41.733162723,-87.659339424
800193,HOMICIDE,14,2015,41.962126133000005,-87.713172111
800285,HOMICIDE,48,2015,41.727043910999996,-87.58669674299999
800374,HOMICIDE,29,2015,41.867608045,-87.698376638
800458,HOMICIDE,23,2015,41.901427038,-87.725044239
800545,HOMICIDE,46,2015,41.749321118000005,-87.571069245
800633,HOMICIDE,43,2015,41.751613063,-87.575285908
800712,HOMICIDE,23,2015,41.893709795,-87.708101045
800779,HOMICIDE,44,2015,41.748835188,-87.61490718600001
800860,HOMICIDE,61,2015,41.799031303,-87.64406418700001
800936,HOMICIDE,42,2015,41.774921124,-87.588832615
801013,HOMICIDE,69,2015,41.757649233,-87.607815887
801097,HOMICIDE,69,2015,41.770215063,-87.626699872
801170,HOMICIDE,25,2015,41.878244691,-87.754988896
801259,HOMICIDE,43,2015,41.754824938,-87.56265541100001
801348,HOMICIDE,42,2015,41.78046301,-87.601399238
801435,HOMICIDE,46,2015,41.742883417,-87.549515319
801521,HOMICIDE,30,2015,41.847670913,-87.706351061
801608,HOMICIDE,19,2015,41.923694334000004,-87.78452659
801681,HOMICIDE,25,2015,41.888656952,-87.749140044
801769,HOMICIDE,25,2015,41.904323426,-87.75830218600001
801929,HOMICIDE,16,2015,41.947526838,-87.715192046
802002,HOMICIDE,2,2015,41.99969642,-87.680892445
802087,HOMICIDE,16,2015,41.965248951999996,-87.73856815
802170,HOMICIDE,16,2015,41.965248951999996,-87.73856815
802412,HOMICIDE,29,2015,41.867262482,-87.71399434700001
802516,HOMICIDE,69,2015,41.758903325,-87.63572301299999
802599,HOMICIDE,23,2015,41.890358524,-87.722273552
802680,HOMICIDE,1,2015,42.01656745,-87.67412926700001
802765,HOMICIDE,40,2015,41.78690669,-87.625500912
802850,HOMICIDE,29,2015,41.865108577,-87.73370765
802939,HOMICIDE,25,2015,41.888659323,-87.749066571
803003,HOMICIDE,69,2015,41.762318316999995,-87.59762123899999
803101,HOMICIDE,23,2015,41.892603611999995,-87.722329283
803188,HOMICIDE,23,2015,41.892603611999995,-87.722329283
803274,HOMICIDE,46,2015,41.747587631,-87.55767394799999
803363,HOMICIDE,30,2015,41.839629644,-87.72928862
803527,HOMICIDE,28,2015,41.876329051,-87.668276406
803617,HOMICIDE,44,2015,41.743299025,-87.602579976
803957,HOMICIDE,53,2015,41.676298724,-87.616014618
804363,HOMICIDE,46,2015,41.733083674,-87.549942225
804454,HOMICIDE,25,2015,41.905072512,-87.746889161
804548,HOMICIDE,53,2015,41.680888376999995,-87.62638210600001
804628,HOMICIDE,36,2015,41.81648957,-87.59491421799999
804692,HOMICIDE,26,2015,41.874370513,-87.724335186
804755,HOMICIDE,67,2015,41.756927283,-87.673322259
804825,HOMICIDE,25,2015,41.901558034000004,-87.76563324600001
804901,HOMICIDE,75,2015,41.696746452,-87.655757884
805049,HOMICIDE,49,2015,41.695615505999996,-87.636436642
805125,HOMICIDE,49,2015,41.695615505999996,-87.636436642
805206,HOMICIDE,53,2015,41.68157034,-87.61949970399999
805289,HOMICIDE,67,2015,41.777216063000004,-87.662925863
805381,HOMICIDE,61,2015,41.81504317,-87.66999665799999
805463,HOMICIDE,28,2015,41.863459158000005,-87.652462374
805535,HOMICIDE,29,2015,41.859777475,-87.73232212200001
805626,HOMICIDE,29,2015,41.864663432,-87.71293275299999
805722,HOMICIDE,54,2015,41.657215826999995,-87.603140417
805810,HOMICIDE,49,2015,41.724958867,-87.630302412
805891,HOMICIDE,58,2015,41.808923611,-87.68444211299999
805961,HOMICIDE,32,2015,41.876856607,-87.63329605700001
806036,HOMICIDE,27,2015,41.88747417,-87.716087141
806123,HOMICIDE,26,2015,41.878823468,-87.72934928299999
806211,HOMICIDE,67,2015,41.786054484,-87.66559116399999
806296,HOMICIDE,67,2015,41.789830022,-87.66690508100001
806368,HOMICIDE,29,2015,41.858029355999996,-87.722434585
806430,HOMICIDE,26,2015,41.879807596999996,-87.721889369
806504,HOMICIDE,26,2015,41.875163473,-87.733698124
806582,HOMICIDE,29,2015,41.858029355999996,-87.722434585
806661,HOMICIDE,69,2015,41.759110864,-87.63329808
806743,HOMICIDE,22,2015,41.930545187,-87.717156771
806832,HOMICIDE,8,2015,41.905651436999996,-87.64731577799999
806993,HOMICIDE,26,2015,41.871674253,-87.72148957899999
807076,HOMICIDE,56,2015,41.797380337,-87.767323748
807158,HOMICIDE,58,2015,41.819685484000004,-87.701957617
807236,HOMICIDE,23,2015,41.908973017,-87.72284917799999
807313,HOMICIDE,25,2015,41.898954812,-87.748348292
807400,HOMICIDE,63,2015,41.788363519,-87.68543053200001
807491,HOMICIDE,43,2015,41.769074527,-87.566528191
807569,HOMICIDE,23,2015,41.902818046,-87.73123173
807638,HOMICIDE,39,2015,41.803950638,-87.59187828799999
807709,HOMICIDE,25,2015,41.901788399999994,-87.745960471
807792,HOMICIDE,49,2015,41.698517258,-87.62805289
807878,HOMICIDE,61,2015,41.801472294,-87.65349675700001
808164,HOMICIDE,27,2015,41.871909407,-87.70156509899999
808246,HOMICIDE,44,2015,41.745047697,-87.60137288799999
808317,HOMICIDE,67,2015,41.784130147,-87.657045934
808395,HOMICIDE,16,2015,41.95284137,-87.71043507600001
808472,HOMICIDE,39,2015,41.805341530999996,-87.60380831399999
808548,HOMICIDE,25,2015,41.888425663,-87.751690918
808626,HOMICIDE,19,2015,41.923783121999996,-87.778448036
808707,HOMICIDE,29,2015,41.863396806,-87.734883724
808788,HOMICIDE,27,2015,41.871988123,-87.694463394
808869,HOMICIDE,3,2015,41.973923557,-87.65775209799999
808951,HOMICIDE,3,2015,41.973923557,-87.65775209799999
809022,HOMICIDE,43,2015,41.760301092,-87.559987568
809091,HOMICIDE,43,2015,41.770822885,-87.572757629
809170,HOMICIDE,27,2015,41.885342324,-87.710070246
809254,HOMICIDE,68,2015,41.770627366,-87.646263585
809402,HOMICIDE,25,2015,41.893580201,-87.76059493700001
809568,HOMICIDE,75,2015,41.684789785999996,-87.66331509999999
809650,HOMICIDE,29,2015,41.867688909,-87.69960208
809811,HOMICIDE,25,2015,41.91028398,-87.77274561700001
809897,HOMICIDE,29,2015,41.856035263,-87.71390813200001
809978,HOMICIDE,42,2015,41.783340761,-87.605993706
810062,HOMICIDE,28,2015,41.884390318,-87.654913645
810237,HOMICIDE,27,2015,41.878875132,-87.70421379
810322,HOMICIDE,44,2015,41.747633492,-87.604498673
810407,HOMICIDE,16,2015,41.942174916999996,-87.73211499700001
810485,HOMICIDE,45,2015,41.745402793000004,-87.591698509
810555,HOMICIDE,24,2015,41.910757025,-87.699099103
810688,HOMICIDE,71,2015,41.740368828,-87.65832606200001
810760,HOMICIDE,71,2015,41.742420896999995,-87.66809174
810887,HOMICIDE,36,2015,41.81948083,-87.605665593
810964,HOMICIDE,26,2015,41.875314335,-87.72171556100001
811137,HOMICIDE,46,2015,41.740497814,-87.545385562
811214,HOMICIDE,75,2015,41.683457718,-87.66975377600001
811300,HOMICIDE,48,2015,41.729340475,-87.565806616
811472,HOMICIDE,25,2015,41.877857676,-87.754974025
811555,HOMICIDE,30,2015,41.848050533,-87.71308962200001
811643,HOMICIDE,23,2015,41.903065053,-87.731236756
811723,HOMICIDE,39,2015,41.814627001,-87.598890085
811800,HOMICIDE,53,2015,41.680740148000005,-87.62637640700001
811884,HOMICIDE,68,2015,41.788446509,-87.62911782299999
811959,HOMICIDE,71,2015,41.740432213000005,-87.666833487
812033,HOMICIDE,25,2015,41.909880981,-87.765566855
812109,HOMICIDE,27,2015,41.872707718,-87.712080245
812187,HOMICIDE,49,2015,41.709982123,-87.61505429299999
812271,HOMICIDE,25,2015,41.903964861999995,-87.764550294
812352,HOMICIDE,44,2015,41.726255791,-87.60457182799999
812429,HOMICIDE,47,2015,41.727049838,-87.59611515700001
812514,HOMICIDE,25,2015,41.873843195,-87.76327897600001
812601,HOMICIDE,35,2015,41.838795341,-87.623263328
812693,HOMICIDE,53,2015,41.673263009,-87.65759646299999
812786,HOMICIDE,38,2015,41.809518699,-87.60733360299999
812948,HOMICIDE,31,2015,41.857987652,-87.65440722
813034,HOMICIDE,29,2015,41.866194233,-87.72360143200001
813114,HOMICIDE,73,2015,41.718671544,-87.64800406
813194,HOMICIDE,61,2015,41.797127818,-87.652523151
813260,HOMICIDE,61,2015,41.797127818,-87.652523151
813347,HOMICIDE,27,2015,41.883191631,-87.70618385200001
813431,HOMICIDE,37,2015,41.818159764,-87.635568188
813516,HOMICIDE,37,2015,41.818159764,-87.635568188
813597,HOMICIDE,37,2015,41.818159764,-87.635568188
813675,HOMICIDE,43,2015,41.763935813,-87.564676016
813760,HOMICIDE,49,2015,41.698878276,-87.63413844899999
813838,HOMICIDE,23,2015,41.908928255,-87.72527427700001
813923,HOMICIDE,25,2015,41.90630026,-87.759595922
814013,HOMICIDE,22,2015,41.917336417,-87.71242284700001
814104,HOMICIDE,67,2015,41.76978405,-87.65909551799999
814195,HOMICIDE,26,2015,41.884589375,-87.73358428799999
814359,HOMICIDE,66,2015,41.782379646,-87.688610976
814442,HOMICIDE,25,2015,41.894742268,-87.773087231
814527,HOMICIDE,25,2015,41.874032452,-87.747984456
814613,HOMICIDE,25,2015,41.90091387,-87.752066146
814697,HOMICIDE,23,2015,41.888924116,-87.723462455
814767,HOMICIDE,63,2015,41.796569265,-87.698762946
814826,HOMICIDE,40,2015,41.795652442,-87.619247355
814904,HOMICIDE,28,2015,41.87489589,-87.669110074
815137,HOMICIDE,69,2015,41.75394283,-87.61983080899999
815217,HOMICIDE,73,2015,41.716697233000005,-87.64551603700001
815300,HOMICIDE,44,2015,41.745021199,-87.606276125
815376,HOMICIDE,68,2015,41.78464489,-87.652200564
815455,HOMICIDE,49,2015,41.701329334,-87.61726351
815517,HOMICIDE,71,2015,41.751290535,-87.669521034
815614,HOMICIDE,25,2015,41.876581037,-87.74513751299999
815701,HOMICIDE,25,2015,41.909460808,-87.758884298
815794,HOMICIDE,30,2015,41.845385963000005,-87.72335863200001
815874,HOMICIDE,11,2015,41.974486868,-87.778203045
816032,HOMICIDE,61,2015,41.797363455,-87.64280581700001
816117,HOMICIDE,26,2015,41.877825357,-87.73843945200001
816199,HOMICIDE,40,2015,41.801219608000004,-87.62262940299999
816277,HOMICIDE,25,2015,41.880490151,-87.74592789100001
816348,HOMICIDE,66,2015,41.766453012,-87.687370197
816412,HOMICIDE,25,2015,41.90766552,-87.757677059
816482,HOMICIDE,43,2015,41.753974914000004,-87.550179329
816553,HOMICIDE,30,2015,41.836836526,-87.728349775
816632,HOMICIDE,71,2015,41.747982158,-87.673073087
816715,HOMICIDE,68,2015,41.7604601,-87.65277892700001
816797,HOMICIDE,29,2015,41.860900023,-87.707179973
816879,HOMICIDE,63,2015,41.791298706999996,-87.68521762399999
816962,HOMICIDE,44,2015,41.750658572,-87.600319681
817039,HOMICIDE,23,2015,41.906615694,-87.73378227200001
817120,HOMICIDE,23,2015,41.901861668,-87.72627803
817202,HOMICIDE,63,2015,41.786552511,-87.68013931600001
817286,HOMICIDE,68,2015,41.787059439000004,-87.642934736
817376,HOMICIDE,53,2015,41.67538316,-87.61618218299999
817456,HOMICIDE,25,2015,41.896172886,-87.765442195
817523,HOMICIDE,53,2015,41.66336806,-87.61832472299999
817596,HOMICIDE,3,2015,41.966430564,-87.65103241700001
817675,HOMICIDE,26,2015,41.879634247,-87.736406709
817741,HOMICIDE,1,2015,42.019973942,-87.67191176799999
817799,HOMICIDE,67,2015,41.760484408,-87.655498294
818057,HOMICIDE,67,2015,41.764118200000006,-87.656020865
818130,HOMICIDE,66,2015,41.780293648000004,-87.688551211
818208,HOMICIDE,68,2015,41.765141363000005,-87.648536096
818286,HOMICIDE,25,2015,41.889992936,-87.76214012
818368,HOMICIDE,68,2015,41.79025463,-87.642618096
818456,HOMICIDE,15,2015,41.951324224000004,-87.767776223
818547,HOMICIDE,68,2015,41.789658761,-87.64989966600001
818701,HOMICIDE,2,2015,41.995078355,-87.685324619
818774,HOMICIDE,69,2015,41.752668856,-87.603998269
818843,HOMICIDE,26,2015,41.881088655,-87.720764494
818930,HOMICIDE,67,2015,41.773075098,-87.665311546
819015,HOMICIDE,30,2015,41.848757483,-87.69535891299999
819095,HOMICIDE,53,2015,41.684114564,-87.625303429
819185,HOMICIDE,61,2015,41.797143883000004,-87.64280084
819268,HOMICIDE,68,2015,41.786966991,-87.649040897
819440,HOMICIDE,44,2015,41.743997966,-87.603308578
819529,HOMICIDE,14,2015,41.967464509,-87.713337286
819614,HOMICIDE,53,2015,41.674720656999995,-87.620413624
819771,HOMICIDE,68,2015,41.77526924,-87.648314721
819915,HOMICIDE,29,2015,41.853445736,-87.728523633
819988,HOMICIDE,63,2015,41.799841911,-87.702515527
820066,HOMICIDE,23,2015,41.895875266,-87.722426654
820129,HOMICIDE,61,2015,41.803317163,-87.65176443799999
820547,HOMICIDE,25,2015,41.875876775,-87.74533490700001
820838,HOMICIDE,73,2015,41.726951156999995,-87.6425053
820919,HOMICIDE,68,2015,41.762801362,-87.652842156
821174,HOMICIDE,25,2015,41.912160756,-87.76431955700001
821256,HOMICIDE,42,2015,41.774837374,-87.61271071899999
821345,HOMICIDE,69,2015,41.770126144,-87.614578025
821434,HOMICIDE,71,2015,41.742296704,-87.65715896799999
821513,HOMICIDE,71,2015,41.753083153,-87.672001986
821585,HOMICIDE,61,2015,41.795211551,-87.66218827200001
821666,HOMICIDE,61,2015,41.799227087,-87.646511957
821737,HOMICIDE,25,2015,41.905790098000004,-87.762954459
821829,HOMICIDE,24,2015,41.913349501999996,-87.663200531
821911,HOMICIDE,25,2015,41.900939281999996,-87.753292795
821993,HOMICIDE,25,2015,41.898883465,-87.748348943
822160,HOMICIDE,69,2015,41.761252657,-87.613951329
822332,HOMICIDE,68,2015,41.764737154,-87.641531954
822416,HOMICIDE,26,2015,41.87302808,-87.731529756
822506,HOMICIDE,30,2015,41.853732894000004,-87.696854787
822577,HOMICIDE,68,2015,41.786969135999996,-87.630307356
822658,HOMICIDE,68,2015,41.786969135999996,-87.630307356
822928,HOMICIDE,47,2015,41.730603777,-87.597408058
823006,HOMICIDE,3,2015,41.964235418,-87.654773202
1631037,HOMICIDE,25,2015,41.886368384,-87.758959007
2623930,HOMICIDE,27,2015,41.875909279,-87.70283655799999
2623931,HOMICIDE,27,2015,41.875909279,-87.70283655799999
2660508,HOMICIDE,15,2015,41.944279991,-87.766698991
2675006,HOMICIDE,27,2015,41.875457866,-87.71012957299999
2675706,HOMICIDE,32,2015,41.88693095,-87.63018934
2681477,HOMICIDE,19,2015,41.931149149,-87.775157527
2703702,HOMICIDE,44,2015,41.744277684000004,-87.62564686299999
2723940,HOMICIDE,75,2015,41.696554057,-87.647382098
3574436,HOMICIDE,49,2015,41.691583891,-87.630995465
3648990,HOMICIDE,77,2015,41.9862963,-87.65528197200001
3654138,HOMICIDE,69,2015,41.766836507,-87.616898425
6141293,HOMICIDE,67,2015,41.777198547,-87.664157893
6162264,HOMICIDE,25,2015,41.910117898,-87.746104545
6162530,HOMICIDE,25,2015,41.910117898,-87.746104545
